{
	"credit": "Made with Blockbench",
	"textures": {
		"0": "move/bullet",
		"particle": "move/bullet"
	},
	"elements": [
		{
			"from": [4.53033, -1, 5.53033],
			"to": [5.53033, 1, 10.53033],
			"rotation": {"angle": -45, "axis": "y", "origin": [8, 0, 8]},
			"faces": {
				"north": {"uv": [0, 0, 2, 1], "rotation": 90, "texture": "#0"},
				"east": {"uv": [0, 0, 2, 5], "rotation": 90, "texture": "#0"},
				"south": {"uv": [0, 0, 2, 1], "rotation": 90, "texture": "#0"},
				"west": {"uv": [0, 0, 2, 5], "rotation": 270, "texture": "#0"},
				"up": {"uv": [11, 11, 12, 16], "texture": "#0"},
				"down": {"uv": [0, 0, 1, 5], "rotation": 180, "texture": "#0"}
			}
		},
		{
			"from": [5.53033, -1, 9.53033],
			"to": [10.53033, 1, 10.53033],
			"rotation": {"angle": -45, "axis": "y", "origin": [8, 0, 8]},
			"faces": {
				"north": {"uv": [0, 0, 2, 5], "rotation": 90, "texture": "#0"},
				"east": {"uv": [0, 0, 2, 1], "rotation": 90, "texture": "#0"},
				"south": {"uv": [0, 0, 2, 5], "rotation": 90, "texture": "#0"},
				"west": {"uv": [0, 0, 2, 1], "rotation": 270, "texture": "#0"},
				"up": {"uv": [11, 11, 16, 12], "texture": "#0"},
				"down": {"uv": [0, 0, 5, 1], "rotation": 180, "texture": "#0"}
			}
		},
		{
			"from": [4.53033, -1, 4.53033],
			"to": [9.53033, 1, 5.53033],
			"rotation": {"angle": -45, "axis": "y", "origin": [8, 0, 8]},
			"faces": {
				"north": {"uv": [0, 0, 2, 5], "rotation": 90, "texture": "#0"},
				"east": {"uv": [0, 0, 2, 1], "rotation": 90, "texture": "#0"},
				"south": {"uv": [0, 0, 2, 5], "rotation": 90, "texture": "#0"},
				"west": {"uv": [0, 0, 2, 1], "rotation": 270, "texture": "#0"},
				"up": {"uv": [11, 11, 16, 12], "texture": "#0"},
				"down": {"uv": [0, 0, 5, 1], "rotation": 180, "texture": "#0"}
			}
		},
		{
			"from": [9.53033, -1, 4.53033],
			"to": [10.53033, 1, 9.53033],
			"rotation": {"angle": -45, "axis": "y", "origin": [8, 0, 8]},
			"faces": {
				"north": {"uv": [0, 0, 2, 1], "rotation": 90, "texture": "#0"},
				"east": {"uv": [0, 0, 2, 5], "rotation": 90, "texture": "#0"},
				"south": {"uv": [0, 0, 2, 1], "rotation": 90, "texture": "#0"},
				"west": {"uv": [0, 0, 2, 5], "rotation": 270, "texture": "#0"},
				"up": {"uv": [11, 11, 12, 16], "texture": "#0"},
				"down": {"uv": [0, 0, 1, 5], "rotation": 180, "texture": "#0"}
			}
		},
		{
			"from": [6.53033, -1, 6.53033],
			"to": [8.53033, 1, 8.53033],
			"rotation": {"angle": -45, "axis": "y", "origin": [8, 0, 8]},
			"faces": {
				"north": {"uv": [0, 0, 2, 2], "rotation": 90, "texture": "#0"},
				"east": {"uv": [0, 0, 2, 2], "rotation": 90, "texture": "#0"},
				"south": {"uv": [0, 0, 2, 2], "rotation": 90, "texture": "#0"},
				"west": {"uv": [0, 0, 2, 2], "rotation": 270, "texture": "#0"},
				"up": {"uv": [11, 11, 13, 13], "texture": "#0"},
				"down": {"uv": [0, 0, 2, 2], "rotation": 180, "texture": "#0"}
			}
		}
	],
	"display": {
		"thirdperson_righthand": {
			"translation": [0, 6, 0],
			"scale": [0.69, 0.69, 0.69]
		},
		"thirdperson_lefthand": {
			"translation": [0, 6, 0],
			"scale": [0.69, 0.69, 0.69]
		},
		"firstperson_righthand": {
			"translation": [0, 11.75, 0],
			"scale": [1.58, 1.58, 1.58]
		},
		"firstperson_lefthand": {
			"translation": [0, 11.75, 0],
			"scale": [1.58, 1.58, 1.58]
		},
		"ground": {
			"translation": [0, 8, 0]
		},
		"gui": {
			"rotation": [40, 80, 0],
			"translation": [1.25, 8, 0],
			"scale": [1.4, 1.4, 1.4]
		},
		"head": {
			"translation": [0, -27, 0],
			"scale": [2, 2, 2]
		},
		"fixed": {
			"rotation": [90, 0, 0],
			"translation": [0, 0, 8]
		}
	}
}