{
	"credit": "Made with Blockbench",
	"textures": {
		"0": "move/mtt_heart_pink",
		"1": "skin/mettatonex",
		"particle": "move/mtt_heart_pink"
	},
	"elements": [
		{
			"name": "Hat",
			"from": [3.75, -0.25, 3.75],
			"to": [12.25, 8.25, 12.25],
			"faces": {
				"north": {"uv": [10, 2, 12, 4], "texture": "#1"},
				"east": {"uv": [8, 2, 10, 4], "texture": "#1"},
				"south": {"uv": [14, 2, 16, 4], "texture": "#1"},
				"west": {"uv": [12, 2, 14, 4], "texture": "#1"},
				"up": {"uv": [12, 2, 10, 0], "texture": "#1"},
				"down": {"uv": [14, 0, 12, 2], "texture": "#1"}
			}
		},
		{
			"name": "Head",
			"from": [4, 0, 4],
			"to": [12, 8, 12],
			"faces": {
				"north": {"uv": [2, 2, 4, 4], "texture": "#1"},
				"east": {"uv": [0, 2, 2, 4], "texture": "#1"},
				"south": {"uv": [6, 2, 8, 4], "texture": "#1"},
				"west": {"uv": [4, 2, 6, 4], "texture": "#1"},
				"up": {"uv": [4, 2, 2, 0], "texture": "#1"},
				"down": {"uv": [6, 0, 4, 2], "texture": "#1"}
			}
		},
		{
			"from": [7.5, -10, -2],
			"to": [8.5, -9, 2],
			"faces": {
				"north": {"uv": [5.75, 3.75, 6, 4], "texture": "#0"},
				"east": {"uv": [6.75, 0.5, 7.75, 0.75], "texture": "#0"},
				"south": {"uv": [6, 7.25, 6.25, 7.5], "texture": "#0"},
				"west": {"uv": [6.75, 0.75, 7.75, 1], "texture": "#0"},
				"up": {"uv": [1.25, 7.75, 1, 6.75], "texture": "#0"},
				"down": {"uv": [1.5, 6.75, 1.25, 7.75], "texture": "#0"}
			}
		},
		{
			"from": [6.5, -9, -2],
			"to": [9.5, -8, 2],
			"faces": {
				"north": {"uv": [6.75, 4.5, 7.5, 4.75], "texture": "#0"},
				"east": {"uv": [6.75, 1.5, 7.75, 1.75], "texture": "#0"},
				"south": {"uv": [6.75, 4.75, 7.5, 5], "texture": "#0"},
				"west": {"uv": [6.75, 1.75, 7.75, 2], "texture": "#0"},
				"up": {"uv": [5.75, 3, 5, 2], "texture": "#0"},
				"down": {"uv": [5.75, 3, 5, 4], "texture": "#0"}
			}
		},
		{
			"from": [5.5, -8, -2],
			"to": [10.5, -7, 2],
			"faces": {
				"north": {"uv": [6.75, 0, 8, 0.25], "texture": "#0"},
				"east": {"uv": [6.75, 2, 7.75, 2.25], "texture": "#0"},
				"south": {"uv": [6.75, 0.25, 8, 0.5], "texture": "#0"},
				"west": {"uv": [6.75, 2.25, 7.75, 2.5], "texture": "#0"},
				"up": {"uv": [4, 3, 2.75, 2], "texture": "#0"},
				"down": {"uv": [1.25, 3, 0, 4], "texture": "#0"}
			}
		},
		{
			"from": [4.5, -7, -2],
			"to": [11.5, -6, 2],
			"faces": {
				"north": {"uv": [6.5, 2.5, 8.25, 2.75], "texture": "#0"},
				"east": {"uv": [6.75, 3, 7.75, 3.25], "texture": "#0"},
				"south": {"uv": [6.5, 2.75, 8.25, 3], "texture": "#0"},
				"west": {"uv": [6.75, 3.25, 7.75, 3.5], "texture": "#0"},
				"up": {"uv": [4, 1, 2.25, 0], "texture": "#0"},
				"down": {"uv": [4.5, 1, 2.75, 2], "texture": "#0"}
			}
		},
		{
			"from": [9.5, -4, -2],
			"to": [11.5, -3, 2],
			"faces": {
				"north": {"uv": [0, 2.25, 0.5, 2.5], "texture": "#0"},
				"east": {"uv": [6.75, 3.5, 7.75, 3.75], "texture": "#0"},
				"south": {"uv": [0, 2.5, 0.5, 2.75], "texture": "#0"},
				"west": {"uv": [6.75, 3.75, 7.75, 4], "texture": "#0"},
				"up": {"uv": [4.5, 1, 4, 0], "texture": "#0"},
				"down": {"uv": [0.5, 6.25, 0, 7.25], "texture": "#0"}
			}
		},
		{
			"from": [4.5, -4, -2],
			"to": [6.5, -3, 2],
			"faces": {
				"north": {"uv": [0, 2.75, 0.5, 3], "texture": "#0"},
				"east": {"uv": [6.75, 4, 7.75, 4.25], "texture": "#0"},
				"south": {"uv": [6.75, 5, 7.25, 5.25], "texture": "#0"},
				"west": {"uv": [6.75, 4.25, 7.75, 4.5], "texture": "#0"},
				"up": {"uv": [6.75, 1, 6.25, 0], "texture": "#0"},
				"down": {"uv": [1, 6.25, 0.5, 7.25], "texture": "#0"}
			}
		},
		{
			"from": [3.5, -6, -2],
			"to": [12.5, -4, 2],
			"faces": {
				"north": {"uv": [1.25, 3, 3.5, 3.5], "texture": "#0"},
				"east": {"uv": [1, 6.25, 2, 6.75], "texture": "#0"},
				"south": {"uv": [1.25, 3.5, 3.5, 4], "texture": "#0"},
				"west": {"uv": [6.25, 1, 7.25, 1.5], "texture": "#0"},
				"up": {"uv": [2.75, 2, 0.5, 1], "texture": "#0"},
				"down": {"uv": [2.75, 2, 0.5, 3], "texture": "#0"}
			}
		},
		{
			"from": [2.5, -7, -1],
			"to": [3.5, -3, 1],
			"faces": {
				"north": {"uv": [1.5, 6.75, 1.75, 7.75], "texture": "#0"},
				"east": {"uv": [6.25, 1.5, 6.75, 2.5], "texture": "#0"},
				"south": {"uv": [1.75, 6.75, 2, 7.75], "texture": "#0"},
				"west": {"uv": [2, 6.25, 2.5, 7.25], "texture": "#0"},
				"up": {"uv": [5.75, 2, 5.5, 1.5], "texture": "#0"},
				"down": {"uv": [7, 5.25, 6.75, 5.75], "texture": "#0"}
			}
		},
		{
			"from": [3.5, -8, -1],
			"to": [4.5, -2, 1],
			"faces": {
				"north": {"uv": [6.5, 3, 6.75, 4.5], "texture": "#0"},
				"east": {"uv": [5, 4, 5.5, 5.5], "texture": "#0"},
				"south": {"uv": [4, 6.5, 4.25, 8], "texture": "#0"},
				"west": {"uv": [3.5, 5.25, 4, 6.75], "texture": "#0"},
				"up": {"uv": [7, 6.25, 6.75, 5.75], "texture": "#0"},
				"down": {"uv": [6.25, 6.75, 6, 7.25], "texture": "#0"}
			}
		},
		{
			"from": [4.5, -9, -1],
			"to": [5.5, -1, 1],
			"faces": {
				"north": {"uv": [2.5, 6.25, 2.75, 8.25], "texture": "#0"},
				"east": {"uv": [4.5, 0, 5, 2], "texture": "#0"},
				"south": {"uv": [6.25, 2.5, 6.5, 4.5], "texture": "#0"},
				"west": {"uv": [4.5, 2, 5, 4], "texture": "#0"},
				"up": {"uv": [7, 6.75, 6.75, 6.25], "texture": "#0"},
				"down": {"uv": [7, 6.75, 6.75, 7.25], "texture": "#0"}
			}
		},
		{
			"from": [5.5, -10, -1],
			"to": [6.5, -1, 1],
			"faces": {
				"north": {"uv": [5, 5.5, 5.25, 7.75], "texture": "#0"},
				"east": {"uv": [3.5, 3, 4, 5.25], "texture": "#0"},
				"south": {"uv": [5.25, 5.5, 5.5, 7.75], "texture": "#0"},
				"west": {"uv": [0, 4, 0.5, 6.25], "texture": "#0"},
				"up": {"uv": [7.25, 5.75, 7, 5.25], "texture": "#0"},
				"down": {"uv": [7.25, 5.75, 7, 6.25], "texture": "#0"}
			}
		},
		{
			"from": [6.5, -11, -1],
			"to": [7.5, -2, 1],
			"faces": {
				"north": {"uv": [5.5, 5.5, 5.75, 7.75], "texture": "#0"},
				"east": {"uv": [0.5, 4, 1, 6.25], "texture": "#0"},
				"south": {"uv": [5.75, 1.5, 6, 3.75], "texture": "#0"},
				"west": {"uv": [1, 4, 1.5, 6.25], "texture": "#0"},
				"up": {"uv": [7.25, 6.75, 7, 6.25], "texture": "#0"},
				"down": {"uv": [6.75, 7, 6.5, 7.5], "texture": "#0"}
			}
		},
		{
			"from": [12.5, -7, -1],
			"to": [13.5, -3, 1],
			"faces": {
				"north": {"uv": [3.5, 6.75, 3.75, 7.75], "texture": "#0"},
				"east": {"uv": [2.75, 6.25, 3.25, 7.25], "texture": "#0"},
				"south": {"uv": [3.75, 6.75, 4, 7.75], "texture": "#0"},
				"west": {"uv": [6.25, 4.5, 6.75, 5.5], "texture": "#0"},
				"up": {"uv": [7.25, 7.25, 7, 6.75], "texture": "#0"},
				"down": {"uv": [0.25, 7.25, 0, 7.75], "texture": "#0"}
			}
		},
		{
			"from": [11.5, -8, -1],
			"to": [12.5, -2, 1],
			"faces": {
				"north": {"uv": [4.25, 6.5, 4.5, 8], "texture": "#0"},
				"east": {"uv": [5.5, 0, 6, 1.5], "texture": "#0"},
				"south": {"uv": [6.5, 5.5, 6.75, 7], "texture": "#0"},
				"west": {"uv": [5.5, 4, 6, 5.5], "texture": "#0"},
				"up": {"uv": [0.5, 7.75, 0.25, 7.25], "texture": "#0"},
				"down": {"uv": [0.75, 7.25, 0.5, 7.75], "texture": "#0"}
			}
		},
		{
			"from": [10.5, -9, -1],
			"to": [11.5, -1, 1],
			"faces": {
				"north": {"uv": [3.25, 6.25, 3.5, 8.25], "texture": "#0"},
				"east": {"uv": [4.5, 4, 5, 6], "texture": "#0"},
				"south": {"uv": [6.25, 5.5, 6.5, 7.5], "texture": "#0"},
				"west": {"uv": [5, 0, 5.5, 2], "texture": "#0"},
				"up": {"uv": [1, 7.75, 0.75, 7.25], "texture": "#0"},
				"down": {"uv": [7.5, 1, 7.25, 1.5], "texture": "#0"}
			}
		},
		{
			"from": [9.5, -10, -1],
			"to": [10.5, -1, 1],
			"faces": {
				"north": {"uv": [5.75, 5.5, 6, 7.75], "texture": "#0"},
				"east": {"uv": [1.5, 4, 2, 6.25], "texture": "#0"},
				"south": {"uv": [6, 0, 6.25, 2.25], "texture": "#0"},
				"west": {"uv": [2, 4, 2.5, 6.25], "texture": "#0"},
				"up": {"uv": [2.25, 7.75, 2, 7.25], "texture": "#0"},
				"down": {"uv": [2.5, 7.25, 2.25, 7.75], "texture": "#0"}
			}
		},
		{
			"from": [8.5, -11, -1],
			"to": [9.5, -2, 1],
			"faces": {
				"north": {"uv": [6, 2.25, 6.25, 4.5], "texture": "#0"},
				"east": {"uv": [4, 2, 4.5, 4.25], "texture": "#0"},
				"south": {"uv": [4.5, 6, 4.75, 8.25], "texture": "#0"},
				"west": {"uv": [2.5, 4, 3, 6.25], "texture": "#0"},
				"up": {"uv": [3, 7.75, 2.75, 7.25], "texture": "#0"},
				"down": {"uv": [3.25, 7.25, 3, 7.75], "texture": "#0"}
			}
		},
		{
			"from": [7.5, -12, -1],
			"to": [8.5, -3, 1],
			"faces": {
				"north": {"uv": [6, 4.5, 6.25, 6.75], "texture": "#0"},
				"east": {"uv": [3, 4, 3.5, 6.25], "texture": "#0"},
				"south": {"uv": [4.75, 6, 5, 8.25], "texture": "#0"},
				"west": {"uv": [4, 4.25, 4.5, 6.5], "texture": "#0"},
				"up": {"uv": [7.5, 5.5, 7.25, 5], "texture": "#0"},
				"down": {"uv": [7.5, 5.5, 7.25, 6], "texture": "#0"}
			}
		}
	],
	"display": {
		"thirdperson_righthand": {
			"translation": [0, -2, 2],
			"scale": [0, 0, 0]
		},
		"thirdperson_lefthand": {
			"translation": [0, -2, 2],
			"scale": [0, 0, 0]
		},
		"firstperson_righthand": {
			"rotation": [-5, 0, 0],
			"translation": [-9, 17, -6.75],
			"scale": [1.5, 1.5, 1.5]
		},
		"firstperson_lefthand": {
			"rotation": [-5, 0, 0],
			"translation": [-9, 17, -6.75],
			"scale": [1.5, 1.5, 1.5]
		},
		"ground": {
			"translation": [0, 4, 0],
			"scale": [0, 0, 0]
		},
		"gui": {
			"rotation": [16, 20, 6],
			"translation": [-0.75, 8.75, 0]
		},
		"head": {
			"translation": [0, 8.8, 0],
			"scale": [1.9, 1.9, 1.9]
		},
		"fixed": {
			"translation": [0, 9, 0]
		}
	},
	"groups": [
		{
			"name": "cooked_cod",
			"origin": [8, 8, 8],
			"color": 0,
			"children": [
				{
					"name": "pufferfish",
					"origin": [8, 8, 8],
					"color": 0,
					"children": [0, 1]
				}
			]
		},
		{
			"name": "metta_soul_hand_buffed",
			"origin": [8, 8, 8],
			"color": 0,
			"children": [2, 3, 4, 5, 6, 7, 8, 9, 10, 11, 12, 13, 14, 15, 16, 17, 18, 19]
		}
	]
}