{
	"credit": "Made with Blockbench",
	"textures": {
		"0": "move/wing1",
		"1": "move/wing2",
		"particle": "move/wing1"
	},
	"elements": [
		{
			"from": [2.13604, -1.84924, 7.5],
			"to": [7.13604, 9.15076, 8.5],
			"rotation": {"angle": 22.5, "axis": "z", "origin": [0.63604, 1.15076, 8]},
			"faces": {
				"north": {"uv": [5, 4, 2.5, 9.5], "texture": "#1"},
				"east": {"uv": [0, 0, 11, 1], "rotation": 90, "texture": "#1"},
				"south": {"uv": [2.5, 4, 5, 9.5], "texture": "#1"},
				"west": {"uv": [2.5, 4, 3, 9.5], "texture": "#1"},
				"up": {"uv": [0, 0, 1, 5], "rotation": 90, "texture": "#1"},
				"down": {"uv": [2.5, 9, 5, 9.5], "texture": "#1"}
			}
		},
		{
			"from": [-2.86396, 2.1508, 7.5],
			"to": [2.13604, 7.1508, 8.5],
			"rotation": {"angle": 22.5, "axis": "z", "origin": [0.63604, 1.15076, 8]},
			"faces": {
				"north": {"uv": [2.5, 5, 0, 7.5], "texture": "#1"},
				"east": {"uv": [0, 0, 4, 1], "rotation": 90, "texture": "#1"},
				"south": {"uv": [0, 5, 2.5, 7.5], "texture": "#1"},
				"west": {"uv": [0, 5, 0.5, 7.5], "texture": "#1"},
				"up": {"uv": [0, 0, 1, 5], "rotation": 90, "texture": "#1"},
				"down": {"uv": [0, 7, 2.5, 7.5], "texture": "#1"}
			}
		},
		{
			"from": [2.13604, -4.84924, 7.5],
			"to": [5.13604, -1.84924, 8.5],
			"rotation": {"angle": 22.5, "axis": "z", "origin": [0.63604, 1.15076, 8]},
			"faces": {
				"north": {"uv": [4, 9.5, 2.5, 11], "texture": "#1"},
				"east": {"uv": [3.5, 9.5, 4, 11], "texture": "#1"},
				"south": {"uv": [2.5, 9.5, 4, 11], "texture": "#1"},
				"west": {"uv": [2.5, 9.5, 3, 11], "texture": "#1"},
				"up": {"uv": [0, 0, 1, 3], "rotation": 90, "texture": "#1"},
				"down": {"uv": [2.5, 11, 4, 10.5], "rotation": 90, "texture": "#1"}
			}
		},
		{
			"from": [12.13604, -11.84924, 7.5],
			"to": [17.13604, 10.15076, 8.5],
			"rotation": {"angle": 22.5, "axis": "z", "origin": [0.63604, 1.15076, 8]},
			"faces": {
				"north": {"uv": [10, 3.5, 7.5, 14.5], "texture": "#1"},
				"east": {"uv": [9.5, 3.5, 10, 14.5], "texture": "#1"},
				"south": {"uv": [7.5, 3.5, 10, 14.5], "texture": "#1"},
				"west": {"uv": [7.5, 3.5, 8, 14.5], "texture": "#1"},
				"up": {"uv": [0, 0, 1, 5], "rotation": 90, "texture": "#1"},
				"down": {"uv": [7.5, 14.5, 10, 14], "texture": "#1"}
			}
		},
		{
			"from": [12.13604, -14.84924, 7.5],
			"to": [15.13604, -11.84924, 8.5],
			"rotation": {"angle": 22.5, "axis": "z", "origin": [0.63604, 1.15076, 8]},
			"faces": {
				"north": {"uv": [9, 14.5, 7.5, 16], "texture": "#1"},
				"east": {"uv": [8.5, 14.5, 9, 16], "texture": "#1"},
				"south": {"uv": [7.5, 14.5, 9, 16], "texture": "#1"},
				"west": {"uv": [7.5, 14.5, 8, 16], "texture": "#1"},
				"up": {"uv": [0, 0, 1, 3], "rotation": 90, "texture": "#1"},
				"down": {"uv": [7.5, 15.5, 9, 16], "texture": "#1"}
			}
		},
		{
			"from": [7.13604, -9.84924, 7.5],
			"to": [10.13604, -6.84924, 8.5],
			"rotation": {"angle": 22.5, "axis": "z", "origin": [0.63604, 1.15076, 8]},
			"faces": {
				"north": {"uv": [6.5, 12, 5, 13.5], "texture": "#1"},
				"east": {"uv": [6, 12, 6.5, 13.5], "texture": "#1"},
				"south": {"uv": [5, 12, 6.5, 13.5], "texture": "#1"},
				"west": {"uv": [5, 12, 5.5, 13.5], "texture": "#1"},
				"up": {"uv": [0, 0, 1, 3], "rotation": 90, "texture": "#1"},
				"down": {"uv": [5, 13, 6.5, 13.5], "texture": "#1"}
			}
		},
		{
			"from": [7.13604, -6.84924, 7.5],
			"to": [12.13604, 10.15076, 8.5],
			"rotation": {"angle": 22.5, "axis": "z", "origin": [0.63604, 1.15076, 8]},
			"faces": {
				"north": {"uv": [7.5, 3.5, 5, 12], "texture": "#1"},
				"east": {"uv": [0, 0, 16, 1], "rotation": 90, "texture": "#1"},
				"south": {"uv": [5, 3.5, 7.5, 12], "texture": "#1"},
				"west": {"uv": [5, 3.5, 5.5, 12], "texture": "#1"},
				"up": {"uv": [0, 0, 1, 5], "rotation": 90, "texture": "#1"},
				"down": {"uv": [5, 11.5, 7.5, 12], "texture": "#1"}
			}
		},
		{
			"from": [17.13604, -6.84924, 7.5],
			"to": [22.13604, 9.15076, 8.5],
			"rotation": {"angle": 22.5, "axis": "z", "origin": [0.63604, 1.15076, 8]},
			"faces": {
				"north": {"uv": [12.5, 4, 10, 12], "texture": "#1"},
				"east": {"uv": [12, 4, 12.5, 12], "texture": "#1"},
				"south": {"uv": [10, 4, 12.5, 12], "texture": "#1"},
				"west": {"uv": [0, 0, 16, 1], "rotation": 90, "texture": "#1"},
				"up": {"uv": [0, 0, 1, 5], "rotation": 90, "texture": "#1"},
				"down": {"uv": [10, 11.5, 12.5, 12], "texture": "#1"}
			}
		},
		{
			"from": [22.13604, -1.84924, 7.5],
			"to": [27.13604, 7.15076, 8.5],
			"rotation": {"angle": 22.5, "axis": "z", "origin": [0.63604, 1.15076, 8]},
			"faces": {
				"north": {"uv": [15, 5, 12.5, 9.5], "texture": "#1"},
				"east": {"uv": [1, 1.5, 5.5, 2], "rotation": 90, "texture": "#1"},
				"south": {"uv": [12.5, 5, 15, 9.5], "texture": "#1"},
				"west": {"uv": [0, 0, 9, 1], "rotation": 90, "texture": "#1"},
				"up": {"uv": [0, 0, 0.5, 5], "rotation": 90, "texture": "#1"},
				"down": {"uv": [12.5, 9, 15, 9.5], "texture": "#1"}
			}
		},
		{
			"from": [13.13604, 10.15076, 7.5],
			"to": [17.13604, 13.15076, 8.5],
			"rotation": {"angle": 22.5, "axis": "z", "origin": [0.63604, 1.15076, 8]},
			"faces": {
				"north": {"uv": [10, 2, 8, 3.5], "texture": "#1"},
				"east": {"uv": [0, 0, 3, 1], "rotation": 90, "texture": "#1"},
				"south": {"uv": [8, 2, 10, 3.5], "texture": "#1"},
				"west": {"uv": [0, 0, 3, 1], "rotation": 90, "texture": "#1"},
				"up": {"uv": [0, 0, 1, 4], "rotation": 90, "texture": "#1"},
				"down": {"uv": [0, 0, 1, 4], "rotation": 90, "texture": "#1"}
			}
		},
		{
			"from": [9.13604, 10.15076, 7.5],
			"to": [13.13604, 12.15076, 8.5],
			"rotation": {"angle": 22.5, "axis": "z", "origin": [0.63604, 1.15076, 8]},
			"faces": {
				"north": {"uv": [8, 2.5, 6, 3.5], "texture": "#1"},
				"east": {"uv": [0, 0, 2, 1], "rotation": 90, "texture": "#1"},
				"south": {"uv": [6, 2.5, 8, 3.5], "texture": "#1"},
				"west": {"uv": [0, 0, 2, 1], "rotation": 90, "texture": "#1"},
				"up": {"uv": [0, 0, 1, 4], "rotation": 90, "texture": "#1"},
				"down": {"uv": [0, 0, 1, 4], "rotation": 90, "texture": "#1"}
			}
		},
		{
			"from": [-3.86396, 6.65076, 6.51],
			"to": [2.13604, 8.65076, 9.51],
			"rotation": {"angle": 22.5, "axis": "z", "origin": [0.63604, 1.15076, 8]},
			"faces": {
				"north": {"uv": [0, 3, 2, 9], "rotation": 270, "texture": "#0"},
				"east": {"uv": [0, 0, 2, 3], "rotation": 90, "texture": "#0"},
				"south": {"uv": [0, 1, 2, 7], "rotation": 90, "texture": "#0"},
				"west": {"uv": [0, 0, 2, 3], "rotation": 90, "texture": "#0"},
				"up": {"uv": [0, 1, 3, 7], "rotation": 90, "texture": "#0"},
				"down": {"uv": [0, 3, 3, 9], "rotation": 90, "texture": "#0"}
			}
		},
		{
			"from": [4, 14.91, 6.5],
			"to": [15, 16.91, 9.5],
			"rotation": {"angle": 45, "axis": "z", "origin": [7, 16, 8]},
			"faces": {
				"north": {"uv": [0, 0, 11, 2], "texture": "#0"},
				"east": {"uv": [0, 3, 3, 1], "texture": "#0"},
				"south": {"uv": [0, 0, 11, 2], "texture": "#0"},
				"west": {"uv": [0, 1, 3, 3], "texture": "#0"},
				"up": {"uv": [4, 0, 15, 3], "texture": "#0"},
				"down": {"uv": [5, 3, 16, 0], "texture": "#0"}
			}
		},
		{
			"from": [-5, 14.91, 6.5],
			"to": [4, 16.91, 9.5],
			"rotation": {"angle": 45, "axis": "z", "origin": [7, 16, 8]},
			"faces": {
				"north": {"uv": [0, 0, 9, 2], "texture": "#0"},
				"east": {"uv": [0, 0, 3, 2], "texture": "#0"},
				"south": {"uv": [0, 0, 9, 2], "texture": "#0"},
				"west": {"uv": [0, 0, 3, 2], "texture": "#0"},
				"up": {"uv": [4, 0, 13, 3], "texture": "#0"},
				"down": {"uv": [7, 0, 16, 3], "texture": "#0"}
			}
		},
		{
			"from": [10.75, 15, 6.51],
			"to": [12.75, 21, 9.51],
			"rotation": {"angle": 0, "axis": "z", "origin": [-1, 0, 6.5]},
			"faces": {
				"north": {"uv": [0, 1, 2, 7], "texture": "#0"},
				"east": {"uv": [0, 2, 3, 8], "texture": "#0"},
				"south": {"uv": [0, 0, 2, 6], "texture": "#0"},
				"west": {"uv": [0, 0, 3, 6], "texture": "#0"},
				"up": {"uv": [0, 0, 2, 3], "texture": "#0"},
				"down": {"uv": [0, 0, 2, 3], "texture": "#0"}
			}
		},
		{
			"from": [12.5, 14.9, 6.5],
			"to": [23.5, 16.9, 9.5],
			"rotation": {"angle": 0, "axis": "z", "origin": [-1, 0, 6.5]},
			"faces": {
				"north": {"uv": [0, 0, 11, 2], "texture": "#0"},
				"east": {"uv": [0, 0, 3, 2], "texture": "#0"},
				"south": {"uv": [0, 0, 11, 2], "texture": "#0"},
				"west": {"uv": [0, 0, 3, 2], "texture": "#0"},
				"up": {"uv": [4, 0, 15, 3], "texture": "#0"},
				"down": {"uv": [5, 0, 16, 3], "texture": "#0"}
			}
		}
	],
	"overrides": [
		{
			"predicate": {
				"custom_model_data": 1
			},
			"model": "item/feather1"
		}
	],
	"display": {
		"thirdperson_righthand": {
			"rotation": [0, -180, -62],
			"translation": [4.5, 3.25, 1.25],
			"scale": [0.31, 0.31, 0.31]
		},
		"thirdperson_lefthand": {
			"rotation": [0, -180, -47],
			"translation": [4.75, 1.25, 1.25],
			"scale": [0.31, 0.31, 0.31]
		},
		"firstperson_righthand": {
			"rotation": [-3, -180, -71],
			"translation": [3.5, 3, 0.25],
			"scale": [0.4, 0.4, 0.4]
		},
		"firstperson_lefthand": {
			"rotation": [-1, -180, -69],
			"translation": [3.5, 4.25, 0],
			"scale": [0.4, 0.4, 0.4]
		},
		"ground": {
			"rotation": [90, 0, 0],
			"translation": [-2.25, 3.25, -0.5],
			"scale": [0.67, 0.67, 0.67]
		},
		"gui": {
			"rotation": [20, 40, 0],
			"translation": [-0.75, 0, 0],
			"scale": [0.5, 0.5, 0.5]
		},
		"head": {
			"rotation": [0, 0, -17],
			"translation": [-57, -16, -5],
			"scale": [3, 3, 3]
		},
		"fixed": {
			"translation": [-0.75, 0.75, 0],
			"scale": [0.51, 0.51, 0.51]
		}
	},
	"groups": [
		0,
		1,
		2,
		3,
		4,
		5,
		6,
		7,
		8,
		9,
		10,
		{
			"name": "group",
			"origin": [-1, 0, 6.5],
			"color": 0,
			"children": [11, 12, 13, 14, 15]
		}
	]
}