{
	"credit": "Made with Blockbench",
	"textures": {
		"1": "move/fireball"
	},
	"elements": [
		{
			"from": [5, 0, 5],
			"to": [11, 5.01, 11],
			"faces": {
				"north": {"uv": [10, 11, 16, 16], "texture": "#1"},
				"east": {"uv": [10, 6, 16, 11], "texture": "#1"},
				"south": {"uv": [10, 6, 16, 11], "texture": "#1"},
				"west": {"uv": [10, 9, 16, 14], "texture": "#1"},
				"up": {"uv": [0, 0, 6, 6], "texture": "#1"},
				"down": {"uv": [10, 9, 16, 15], "texture": "#1"}
			}
		},
		{
			"from": [10, 5, 10],
			"to": [11, 9, 11],
			"faces": {
				"north": {"uv": [4, 6, 5, 10], "texture": "#1"},
				"east": {"uv": [5, 0, 6, 4], "texture": "#1"},
				"south": {"uv": [3, 6, 4, 10], "texture": "#1"},
				"west": {"uv": [0, 0, 1, 4], "texture": "#1"},
				"up": {"uv": [6, 7, 7, 8], "texture": "#1"},
				"down": {"uv": [0, 0, 2, 1], "texture": "#1"}
			}
		},
		{
			"from": [9, 5, 10],
			"to": [10, 8, 11],
			"faces": {
				"north": {"uv": [0, 0, 1, 3], "texture": "#1"},
				"east": {"uv": [0, 0, 1, 3], "texture": "#1"},
				"south": {"uv": [3, 6, 4, 9], "texture": "#1"},
				"west": {"uv": [5, 0, 6, 3], "texture": "#1"},
				"up": {"uv": [6, 7, 7, 8], "texture": "#1"},
				"down": {"uv": [0, 0, 1, 1], "texture": "#1"}
			}
		},
		{
			"from": [10, 5, 9],
			"to": [11, 7, 10],
			"faces": {
				"north": {"uv": [0, 0, 1, 2], "texture": "#1"},
				"east": {"uv": [0, 0, 1, 2], "texture": "#1"},
				"south": {"uv": [0, 0, 1, 2], "texture": "#1"},
				"west": {"uv": [0, 0, 1, 2], "texture": "#1"},
				"up": {"uv": [6, 7, 7, 8], "texture": "#1"},
				"down": {"uv": [0, 0, 1, 1], "texture": "#1"}
			}
		},
		{
			"from": [5, 5, 5],
			"to": [7, 8, 6],
			"faces": {
				"north": {"uv": [13, 4, 15, 7], "texture": "#1"},
				"east": {"uv": [3, 6, 4, 9], "texture": "#1"},
				"south": {"uv": [3, 6, 5, 9], "texture": "#1"},
				"west": {"uv": [13, 4, 14, 7], "texture": "#1"},
				"up": {"uv": [6, 7, 8, 8], "texture": "#1"},
				"down": {"uv": [0, 0, 2, 1], "texture": "#1"}
			}
		},
		{
			"from": [6, 5, 10],
			"to": [8, 8, 11],
			"faces": {
				"north": {"uv": [3, 6, 5, 9], "texture": "#1"},
				"east": {"uv": [3, 6, 4, 9], "texture": "#1"},
				"south": {"uv": [4, 0, 6, 3], "texture": "#1"},
				"west": {"uv": [0, 0, 1, 3], "texture": "#1"},
				"up": {"uv": [6, 7, 8, 8], "texture": "#1"},
				"down": {"uv": [0, 0, 2, 1], "texture": "#1"}
			}
		},
		{
			"from": [5, 5, 9],
			"to": [6, 7, 11],
			"faces": {
				"north": {"uv": [0, 0, 1, 2], "texture": "#1"},
				"east": {"uv": [0, 0, 2, 2], "texture": "#1"},
				"south": {"uv": [0, 0, 1, 2], "texture": "#1"},
				"west": {"uv": [4, 1, 6, 3], "texture": "#1"},
				"up": {"uv": [6, 7, 7, 9], "texture": "#1"},
				"down": {"uv": [0, 0, 1, 2], "texture": "#1"}
			}
		},
		{
			"from": [5, 5, 7],
			"to": [6, 8, 9],
			"faces": {
				"north": {"uv": [0, 0, 1, 3], "texture": "#1"},
				"east": {"uv": [3, 6, 5, 9], "texture": "#1"},
				"south": {"uv": [0, 0, 1, 3], "texture": "#1"},
				"west": {"uv": [5, 0, 7, 3], "texture": "#1"},
				"up": {"uv": [6, 9, 7, 11], "texture": "#1"},
				"down": {"uv": [0, 0, 1, 2], "texture": "#1"}
			}
		},
		{
			"from": [10, 5, 6],
			"to": [11, 8, 8],
			"faces": {
				"north": {"uv": [0, 0, 1, 3], "texture": "#1"},
				"east": {"uv": [5, 0, 7, 3], "texture": "#1"},
				"south": {"uv": [3, 6, 4, 9], "texture": "#1"},
				"west": {"uv": [3, 7, 5, 10], "texture": "#1"},
				"up": {"uv": [6, 7, 7, 9], "texture": "#1"},
				"down": {"uv": [0, 0, 1, 2], "texture": "#1"}
			}
		},
		{
			"from": [5, 5, 6],
			"to": [6, 6, 7],
			"faces": {
				"north": {"uv": [0, 0, 1, 1], "texture": "#1"},
				"east": {"uv": [0, 0, 1, 1], "texture": "#1"},
				"south": {"uv": [0, 0, 1, 1], "texture": "#1"},
				"west": {"uv": [0, 0, 1, 1], "texture": "#1"},
				"up": {"uv": [0, 0, 1, 1], "texture": "#1"},
				"down": {"uv": [0, 0, 1, 1], "texture": "#1"}
			}
		},
		{
			"from": [9, 5, 5],
			"to": [11, 9, 6],
			"faces": {
				"north": {"uv": [5, 0, 7, 4], "texture": "#1"},
				"east": {"uv": [5, 0, 6, 4], "texture": "#1"},
				"south": {"uv": [3, 6, 5, 10], "texture": "#1"},
				"west": {"uv": [0, 0, 1, 4], "texture": "#1"},
				"up": {"uv": [6, 7, 8, 8], "texture": "#1"},
				"down": {"uv": [0, 0, 2, 1], "texture": "#1"}
			}
		},
		{
			"from": [8, 5, 5],
			"to": [9, 8, 6],
			"faces": {
				"north": {"uv": [5, 0, 6, 3], "texture": "#1"},
				"east": {"uv": [0, 0, 1, 3], "texture": "#1"},
				"south": {"uv": [0, 0, 1, 3], "texture": "#1"},
				"west": {"uv": [5, 0, 6, 3], "texture": "#1"},
				"up": {"uv": [0, 0, 1, 1], "texture": "#1"},
				"down": {"uv": [0, 0, 1, 1], "texture": "#1"}
			}
		},
		{
			"from": [4, 1, 6],
			"to": [12, 5, 10],
			"faces": {
				"north": {"uv": [4, 7, 12, 11], "texture": "#1"},
				"east": {"uv": [12, 7, 16, 11], "texture": "#1"},
				"south": {"uv": [4, 8, 12, 12], "texture": "#1"},
				"west": {"uv": [12, 8, 16, 12], "texture": "#1"},
				"up": {"uv": [4, 8, 12, 12], "texture": "#1"},
				"down": {"uv": [4, 8, 12, 12], "texture": "#1"}
			}
		},
		{
			"from": [6, -1, 6],
			"to": [10, 6, 10],
			"faces": {
				"north": {"uv": [1, 6, 5, 13], "texture": "#1"},
				"east": {"uv": [1, 6, 5, 13], "texture": "#1"},
				"south": {"uv": [1, 6, 5, 13], "texture": "#1"},
				"west": {"uv": [1, 6, 5, 13], "texture": "#1"},
				"up": {"uv": [1, 6, 5, 10], "texture": "#1"},
				"down": {"uv": [12, 7, 16, 11], "texture": "#1"}
			}
		},
		{
			"from": [6, 1, 4],
			"to": [10, 5, 12],
			"faces": {
				"north": {"uv": [0, 1, 4, 5], "texture": "#1"},
				"east": {"uv": [0, 1, 8, 5], "texture": "#1"},
				"south": {"uv": [0, 1, 4, 5], "texture": "#1"},
				"west": {"uv": [0, 1, 8, 5], "texture": "#1"},
				"up": {"uv": [0, 1, 8, 5], "rotation": 90, "texture": "#1"},
				"down": {"uv": [0, 1, 8, 5], "rotation": 90, "texture": "#1"}
			}
		}
	],
	"display": {
		"thirdperson_righthand": {
			"translation": [0, 2, 0],
			"scale": [0.4, 0.4, 0.4]
		},
		"thirdperson_lefthand": {
			"translation": [0, 2, 0],
			"scale": [0.4, 0.4, 0.4]
		},
		"firstperson_righthand": {
			"rotation": [-4, -61, 0],
			"translation": [-0.75, 5.75, 1.25],
			"scale": [0.6, 0.6, 0.6]
		},
		"firstperson_lefthand": {
			"rotation": [-4, 116, 0],
			"translation": [-0.75, 5.5, 1.25],
			"scale": [0.6, 0.6, 0.6]
		},
		"ground": {
			"translation": [0, 7, 0]
		},
		"gui": {
			"rotation": [30, -29, 0],
			"translation": [0, 3.5, 0],
			"scale": [1.1, 1.1, 1.1]
		},
		"head": {
			"translation": [0, -36.25, 0],
			"scale": [1.7, 1.7, 1.7]
		},
		"fixed": {
			"rotation": [0, 90, 0],
			"translation": [0, 4, 0]
		}
	}
}