{
	"credit": "Made with Blockbench",
	"textures": {
		"0": "move/pie",
		"particle": "move/pie"
	},
	"elements": [
		{
			"from": [6, 0, 5.5],
			"to": [10, 3, 9.5],
			"faces": {
				"north": {"uv": [0, 0, 4, 3], "texture": "#0"},
				"east": {"uv": [1, 0, 5, 3], "texture": "#0"},
				"south": {"uv": [1, 0, 5, 3], "texture": "#0"},
				"west": {"uv": [0, 0, 4, 3], "texture": "#0"},
				"up": {"uv": [4, 8, 8, 12], "texture": "#0"},
				"down": {"uv": [12, 12, 16, 16], "texture": "#0"}
			}
		},
		{
			"from": [10, 0, 7.5],
			"to": [11, 3, 9.5],
			"faces": {
				"north": {"uv": [0, 0, 1, 3], "texture": "#0"},
				"east": {"uv": [3, 0, 5, 3], "texture": "#0"},
				"south": {"uv": [0, 0, 1, 3], "texture": "#0"},
				"west": {"uv": [0, 0, 2, 3], "texture": "#0"},
				"up": {"uv": [6, 8, 7, 10], "texture": "#0"},
				"down": {"uv": [15, 10, 16, 12], "texture": "#0"}
			}
		},
		{
			"from": [8, 0, 9.5],
			"to": [10, 3, 10.5],
			"faces": {
				"north": {"uv": [0, 0, 2, 3], "texture": "#0"},
				"east": {"uv": [0, 0, 1, 3], "texture": "#0"},
				"south": {"uv": [4, 0, 6, 3], "texture": "#0"},
				"west": {"uv": [0, 0, 1, 3], "texture": "#0"},
				"up": {"uv": [5, 8, 7, 9], "texture": "#0"},
				"down": {"uv": [14, 10, 16, 11], "texture": "#0"}
			}
		},
		{
			"from": [10, 0, 9.5],
			"to": [12, 3, 11.5],
			"faces": {
				"north": {"uv": [0, 0, 2, 3], "texture": "#0"},
				"east": {"uv": [0, 0, 2, 3], "texture": "#0"},
				"south": {"uv": [1, 0, 3, 3], "texture": "#0"},
				"west": {"uv": [0, 0, 2, 3], "texture": "#0"},
				"up": {"uv": [8, 3, 10, 5], "texture": "#0"},
				"down": {"uv": [14, 8, 16, 10], "texture": "#0"}
			}
		},
		{
			"from": [4, 0.01, 6.5],
			"to": [6, 4.01, 8.5],
			"faces": {
				"north": {"uv": [14, 8, 16, 12], "texture": "#0"},
				"east": {"uv": [13, 5, 15, 9], "texture": "#0"},
				"south": {"uv": [13, 9, 15, 13], "texture": "#0"},
				"west": {"uv": [14, 8, 16, 12], "texture": "#0"},
				"up": {"uv": [14, 9, 16, 11], "texture": "#0"},
				"down": {"uv": [14, 0, 16, 2], "texture": "#0"}
			}
		},
		{
			"from": [7, 0.01, 3.5],
			"to": [9, 4.01, 5.5],
			"faces": {
				"north": {"uv": [14, 8, 16, 12], "texture": "#0"},
				"east": {"uv": [13, 5, 15, 9], "texture": "#0"},
				"south": {"uv": [13, 5, 15, 9], "texture": "#0"},
				"west": {"uv": [14, 8, 16, 12], "texture": "#0"},
				"up": {"uv": [14, 9, 16, 11], "texture": "#0"},
				"down": {"uv": [14, 0, 16, 2], "texture": "#0"}
			}
		},
		{
			"from": [5, 0.01, 4.5],
			"to": [7, 4.01, 6.5],
			"faces": {
				"north": {"uv": [14, 8, 16, 12], "texture": "#0"},
				"east": {"uv": [13, 5, 15, 9], "texture": "#0"},
				"south": {"uv": [13, 5, 15, 9], "texture": "#0"},
				"west": {"uv": [14, 8, 16, 12], "texture": "#0"},
				"up": {"uv": [14, 9, 16, 11], "texture": "#0"},
				"down": {"uv": [14, 0, 16, 2], "texture": "#0"}
			}
		}
	],
	"display": {
		"thirdperson_righthand": {
			"rotation": [0, -180, 0],
			"translation": [0, 5, 0],
			"scale": [0.8, 0.8, 0.8]
		},
		"thirdperson_lefthand": {
			"rotation": [0, -90, 0],
			"translation": [-0.25, 5, 0],
			"scale": [0.8, 0.8, 0.8]
		},
		"firstperson_righthand": {
			"rotation": [25, -172, -9],
			"translation": [-1, 5.75, 1.5],
			"scale": [0.8, 0.8, 0.8]
		},
		"firstperson_lefthand": {
			"rotation": [25, -79, -9],
			"translation": [0.25, 5.75, 2],
			"scale": [0.8, 0.8, 0.8]
		},
		"ground": {
			"translation": [0, 8, 0],
			"scale": [1.3, 1.3, 1.3]
		},
		"gui": {
			"rotation": [30, -80, 0],
			"translation": [-1, 7.5, 0],
			"scale": [1.5, 1.5, 1.5]
		},
		"head": {
			"rotation": [0, 135.5, 0],
			"translation": [0.75, 9.25, 1.5],
			"scale": [2.4, 2.4, 2.4]
		},
		"fixed": {
			"rotation": [-90, 90, 0],
			"translation": [0, 0, -9.75],
			"scale": [1.59, 1.59, 1.59]
		}
	}
}