{
	"credit": "Made with Blockbench",
	"textures": {
		"0": "move/spear"
	},
	"elements": [
		{
			"from": [7.5, -0.5, -8],
			"to": [8.5, 0.5, -6],
			"faces": {
				"north": {"uv": [0, 0, 1, 1], "texture": "#0"},
				"east": {"uv": [0, 0, 2, 1], "texture": "#0"},
				"south": {"uv": [0, 0, 1, 1], "texture": "#0"},
				"west": {"uv": [0, 0, 2, 1], "texture": "#0"},
				"up": {"uv": [0, 0, 1, 2], "texture": "#0"},
				"down": {"uv": [0, 0, 1, 2], "texture": "#0"}
			}
		},
		{
			"from": [7.5, -1.5, 0],
			"to": [8.5, 1.5, 24],
			"faces": {
				"north": {"uv": [0, 0, 1, 1], "texture": "#0"},
				"east": {"uv": [0, 0, 16, 3], "texture": "#0"},
				"south": {"uv": [2, 2, 3, 3], "texture": "#0"},
				"west": {"uv": [16, 0, 0, 3], "texture": "#0"},
				"up": {"uv": [0, 0, 16, 1], "rotation": 90, "texture": "#0"},
				"down": {"uv": [0, 0, 16, 1], "rotation": 90, "texture": "#0"}
			}
		},
		{
			"from": [7.5, -2.5, -4],
			"to": [8.5, 2.5, -2],
			"faces": {
				"north": {"uv": [0, 0, 1, 3], "texture": "#0"},
				"east": {"uv": [6, 3, 8, 8], "texture": "#0"},
				"south": {"uv": [0, 0, 1, 3], "texture": "#0"},
				"west": {"uv": [6, 3, 8, 8], "texture": "#0"},
				"up": {"uv": [0, 0, 1, 2], "texture": "#0"},
				"down": {"uv": [0, 0, 1, 2], "texture": "#0"}
			}
		},
		{
			"from": [7.5, -3.5, -2],
			"to": [8.5, 3.5, 0],
			"faces": {
				"north": {"uv": [0, 0, 1, 5], "texture": "#0"},
				"east": {"uv": [3, 3, 5, 10], "texture": "#0"},
				"south": {"uv": [11, 8, 12, 15], "texture": "#0"},
				"west": {"uv": [3, 3, 5, 10], "texture": "#0"},
				"up": {"uv": [0, 0, 1, 2], "texture": "#0"},
				"down": {"uv": [0, 0, 1, 2], "texture": "#0"}
			}
		},
		{
			"from": [7.5, -1.5, -6],
			"to": [8.5, 1.5, -4],
			"faces": {
				"north": {"uv": [0, 0, 1, 1], "texture": "#0"},
				"east": {"uv": [8, 3, 10, 6], "texture": "#0"},
				"south": {"uv": [0, 0, 1, 1], "texture": "#0"},
				"west": {"uv": [8, 3, 10, 6], "texture": "#0"},
				"up": {"uv": [0, 0, 1, 2], "texture": "#0"},
				"down": {"uv": [0, 0, 1, 2], "texture": "#0"}
			}
		},
		{
			"from": [7.5, -0.5, -8],
			"to": [8.5, 0.5, -6],
			"faces": {
				"north": {"uv": [0, 0, 1, 1], "rotation": 90, "texture": "#0"},
				"east": {"uv": [0, 0, 1, 2], "rotation": 270, "texture": "#0"},
				"south": {"uv": [0, 0, 1, 1], "rotation": 270, "texture": "#0"},
				"west": {"uv": [0, 0, 1, 2], "rotation": 90, "texture": "#0"},
				"up": {"uv": [0, 0, 2, 1], "rotation": 270, "texture": "#0"},
				"down": {"uv": [0, 0, 2, 1], "rotation": 270, "texture": "#0"}
			}
		},
		{
			"from": [6.5, -0.5, 0],
			"to": [9.5, 0.5, 24],
			"faces": {
				"north": {"uv": [0, 0, 1, 1], "rotation": 90, "texture": "#0"},
				"east": {"uv": [0, 0, 16, 1], "texture": "#0"},
				"south": {"uv": [2, 2, 3, 3], "rotation": 270, "texture": "#0"},
				"west": {"uv": [0, 0, 16, 1], "rotation": 180, "texture": "#0"},
				"up": {"uv": [0, 0, 16, 3], "rotation": 270, "texture": "#0"},
				"down": {"uv": [16, 0, 0, 3], "rotation": 270, "texture": "#0"}
			}
		},
		{
			"from": [5.5, -0.5, -4],
			"to": [10.5, 0.5, -2],
			"faces": {
				"north": {"uv": [0, 0, 1, 3], "rotation": 90, "texture": "#0"},
				"east": {"uv": [0, 0, 1, 2], "rotation": 270, "texture": "#0"},
				"south": {"uv": [0, 0, 1, 3], "rotation": 270, "texture": "#0"},
				"west": {"uv": [0, 0, 1, 2], "rotation": 90, "texture": "#0"},
				"up": {"uv": [6, 3, 8, 8], "rotation": 270, "texture": "#0"},
				"down": {"uv": [6, 3, 8, 8], "rotation": 270, "texture": "#0"}
			}
		},
		{
			"from": [4.5, -0.5, -2],
			"to": [11.5, 0.5, 0],
			"faces": {
				"north": {"uv": [0, 0, 1, 5], "rotation": 90, "texture": "#0"},
				"east": {"uv": [0, 0, 1, 2], "rotation": 270, "texture": "#0"},
				"south": {"uv": [11, 8, 12, 15], "rotation": 270, "texture": "#0"},
				"west": {"uv": [0, 0, 1, 2], "rotation": 90, "texture": "#0"},
				"up": {"uv": [3, 3, 5, 10], "rotation": 270, "texture": "#0"},
				"down": {"uv": [3, 3, 5, 10], "rotation": 270, "texture": "#0"}
			}
		},
		{
			"from": [6.5, -0.5, -6],
			"to": [9.5, 0.5, -4],
			"faces": {
				"north": {"uv": [0, 0, 1, 1], "rotation": 90, "texture": "#0"},
				"east": {"uv": [0, 0, 1, 2], "rotation": 270, "texture": "#0"},
				"south": {"uv": [0, 0, 1, 1], "rotation": 270, "texture": "#0"},
				"west": {"uv": [0, 0, 1, 2], "rotation": 90, "texture": "#0"},
				"up": {"uv": [8, 3, 10, 6], "rotation": 270, "texture": "#0"},
				"down": {"uv": [8, 3, 10, 6], "rotation": 270, "texture": "#0"}
			}
		},
		{
			"from": [7.5, 11.5, -4.75],
			"to": [8.5, 12.5, -2.75],
			"faces": {
				"north": {"uv": [0, 0, 1, 1], "texture": "#0"},
				"east": {"uv": [0, 0, 2, 1], "texture": "#0"},
				"south": {"uv": [0, 0, 1, 1], "texture": "#0"},
				"west": {"uv": [0, 0, 2, 1], "texture": "#0"},
				"up": {"uv": [0, 0, 1, 2], "texture": "#0"},
				"down": {"uv": [0, 0, 1, 2], "texture": "#0"}
			}
		},
		{
			"from": [7.5, 10.5, 3.25],
			"to": [8.5, 13.5, 27.25],
			"faces": {
				"north": {"uv": [0, 0, 1, 1], "texture": "#0"},
				"east": {"uv": [0, 0, 16, 3], "texture": "#0"},
				"south": {"uv": [2, 2, 3, 3], "texture": "#0"},
				"west": {"uv": [16, 0, 0, 3], "texture": "#0"},
				"up": {"uv": [0, 0, 16, 1], "rotation": 90, "texture": "#0"},
				"down": {"uv": [0, 0, 16, 1], "rotation": 90, "texture": "#0"}
			}
		},
		{
			"from": [7.5, 9.5, -0.75],
			"to": [8.5, 14.5, 1.25],
			"faces": {
				"north": {"uv": [0, 0, 1, 3], "texture": "#0"},
				"east": {"uv": [6, 3, 8, 8], "texture": "#0"},
				"south": {"uv": [0, 0, 1, 3], "texture": "#0"},
				"west": {"uv": [6, 3, 8, 8], "texture": "#0"},
				"up": {"uv": [0, 0, 1, 2], "texture": "#0"},
				"down": {"uv": [0, 0, 1, 2], "texture": "#0"}
			}
		},
		{
			"from": [7.5, 8.5, 1.25],
			"to": [8.5, 15.5, 3.25],
			"faces": {
				"north": {"uv": [0, 0, 1, 5], "texture": "#0"},
				"east": {"uv": [3, 3, 5, 10], "texture": "#0"},
				"south": {"uv": [11, 8, 12, 15], "texture": "#0"},
				"west": {"uv": [3, 3, 5, 10], "texture": "#0"},
				"up": {"uv": [0, 0, 1, 2], "texture": "#0"},
				"down": {"uv": [0, 0, 1, 2], "texture": "#0"}
			}
		},
		{
			"from": [7.5, 10.5, -2.75],
			"to": [8.5, 13.5, -0.75],
			"faces": {
				"north": {"uv": [0, 0, 1, 1], "texture": "#0"},
				"east": {"uv": [8, 3, 10, 6], "texture": "#0"},
				"south": {"uv": [0, 0, 1, 1], "texture": "#0"},
				"west": {"uv": [8, 3, 10, 6], "texture": "#0"},
				"up": {"uv": [0, 0, 1, 2], "texture": "#0"},
				"down": {"uv": [0, 0, 1, 2], "texture": "#0"}
			}
		},
		{
			"from": [7.5, 11.5, -4.75],
			"to": [8.5, 12.5, -2.75],
			"faces": {
				"north": {"uv": [0, 0, 1, 1], "rotation": 90, "texture": "#0"},
				"east": {"uv": [0, 0, 1, 2], "rotation": 270, "texture": "#0"},
				"south": {"uv": [0, 0, 1, 1], "rotation": 270, "texture": "#0"},
				"west": {"uv": [0, 0, 1, 2], "rotation": 90, "texture": "#0"},
				"up": {"uv": [0, 0, 2, 1], "rotation": 270, "texture": "#0"},
				"down": {"uv": [0, 0, 2, 1], "rotation": 270, "texture": "#0"}
			}
		},
		{
			"from": [6.5, 11.5, 3.25],
			"to": [9.5, 12.5, 27.25],
			"faces": {
				"north": {"uv": [0, 0, 1, 1], "rotation": 90, "texture": "#0"},
				"east": {"uv": [0, 0, 16, 1], "texture": "#0"},
				"south": {"uv": [2, 2, 3, 3], "rotation": 270, "texture": "#0"},
				"west": {"uv": [0, 0, 16, 1], "rotation": 180, "texture": "#0"},
				"up": {"uv": [0, 0, 16, 3], "rotation": 270, "texture": "#0"},
				"down": {"uv": [16, 0, 0, 3], "rotation": 270, "texture": "#0"}
			}
		},
		{
			"from": [5.5, 11.5, -0.75],
			"to": [10.5, 12.5, 1.25],
			"faces": {
				"north": {"uv": [0, 0, 1, 3], "rotation": 90, "texture": "#0"},
				"east": {"uv": [0, 0, 1, 2], "rotation": 270, "texture": "#0"},
				"south": {"uv": [0, 0, 1, 3], "rotation": 270, "texture": "#0"},
				"west": {"uv": [0, 0, 1, 2], "rotation": 90, "texture": "#0"},
				"up": {"uv": [6, 3, 8, 8], "rotation": 270, "texture": "#0"},
				"down": {"uv": [6, 3, 8, 8], "rotation": 270, "texture": "#0"}
			}
		},
		{
			"from": [4.5, 11.5, 1.25],
			"to": [11.5, 12.5, 3.25],
			"faces": {
				"north": {"uv": [0, 0, 1, 5], "rotation": 90, "texture": "#0"},
				"east": {"uv": [0, 0, 1, 2], "rotation": 270, "texture": "#0"},
				"south": {"uv": [11, 8, 12, 15], "rotation": 270, "texture": "#0"},
				"west": {"uv": [0, 0, 1, 2], "rotation": 90, "texture": "#0"},
				"up": {"uv": [3, 3, 5, 10], "rotation": 270, "texture": "#0"},
				"down": {"uv": [3, 3, 5, 10], "rotation": 270, "texture": "#0"}
			}
		},
		{
			"from": [6.5, 11.5, -2.75],
			"to": [9.5, 12.5, -0.75],
			"faces": {
				"north": {"uv": [0, 0, 1, 1], "rotation": 90, "texture": "#0"},
				"east": {"uv": [0, 0, 1, 2], "rotation": 270, "texture": "#0"},
				"south": {"uv": [0, 0, 1, 1], "rotation": 270, "texture": "#0"},
				"west": {"uv": [0, 0, 1, 2], "rotation": 90, "texture": "#0"},
				"up": {"uv": [8, 3, 10, 6], "rotation": 270, "texture": "#0"},
				"down": {"uv": [8, 3, 10, 6], "rotation": 270, "texture": "#0"}
			}
		}
	],
	"display": {
		"thirdperson_righthand": {
			"rotation": [90, 0, 0],
			"translation": [0, 0, 10]
		},
		"thirdperson_lefthand": {
			"rotation": [90, 0, 0],
			"translation": [0, 0, 10]
		},
		"firstperson_righthand": {
			"rotation": [30, 0, 0],
			"translation": [7.5, 3.5, 2]
		},
		"firstperson_lefthand": {
			"rotation": [30, 0, 0],
			"translation": [7.5, 3.5, 2]
		},
		"ground": {
			"translation": [0, 8, 0]
		},
		"gui": {
			"rotation": [45, 50, 0],
			"translation": [0, 2.5, 0],
			"scale": [0.49, 0.49, 0.49]
		},
		"head": {
			"rotation": [90, -15, 90],
			"translation": [-2.75, -15.25, 8.5],
			"scale": [1.75, 1.75, 1.75]
		},
		"fixed": {
			"rotation": [90, 90, 0],
			"translation": [0, 0, 7]
		}
	},
	"groups": [
		{
			"name": "group",
			"origin": [0, 0, 0],
			"color": 0,
			"children": [0, 1, 2, 3, 4, 5, 6, 7, 8, 9]
		},
		{
			"name": "group",
			"origin": [0, 0, 0],
			"color": 0,
			"children": [10, 11, 12, 13, 14, 15, 16, 17, 18, 19]
		}
	]
}