{
	"credit": "Made with Blockbench",
	"textures": {
		"0": "move/dummy_bullet",
		"particle": "move/dummy_bullet"
	},
	"elements": [
		{
			"from": [5, -1.25, 5.25],
			"to": [11, 2.75, 11.25],
			"rotation": {"angle": 0, "axis": "y", "origin": [16, 8, 16.75]},
			"faces": {
				"north": {"uv": [9, 8, 15, 12], "texture": "#0"},
				"east": {"uv": [9, 8, 15, 12], "texture": "#0"},
				"south": {"uv": [9, 8, 15, 12], "texture": "#0"},
				"west": {"uv": [9, 8, 15, 12], "texture": "#0"},
				"up": {"uv": [9, 7, 15, 13], "texture": "#0"},
				"down": {"uv": [9, 7, 15, 13], "texture": "#0"}
			}
		},
		{
			"from": [6, -2.25, 5.25],
			"to": [10, -1.25, 6.25],
			"rotation": {"angle": 0, "axis": "y", "origin": [16, 8, 16.75]},
			"faces": {
				"north": {"uv": [10, 7, 14, 8], "texture": "#0"},
				"east": {"uv": [9, 8, 10, 9], "texture": "#0"},
				"south": {"uv": [0, 0, 4, 1], "texture": "#0"},
				"west": {"uv": [14, 8, 15, 9], "texture": "#0"},
				"up": {"uv": [0, 0, 4, 1], "texture": "#0"},
				"down": {"uv": [10, 7, 14, 8], "texture": "#0"}
			}
		},
		{
			"from": [6, -2.25, 10.25],
			"to": [10, -1.25, 11.25],
			"rotation": {"angle": 0, "axis": "x", "origin": [8, -1.75, 5.75]},
			"faces": {
				"north": {"uv": [0, 0, 4, 1], "rotation": 180, "texture": "#0"},
				"east": {"uv": [9, 8, 10, 9], "rotation": 180, "texture": "#0"},
				"south": {"uv": [10, 7, 14, 8], "rotation": 180, "texture": "#0"},
				"west": {"uv": [14, 8, 15, 9], "rotation": 180, "texture": "#0"},
				"up": {"uv": [10, 7, 14, 8], "texture": "#0"},
				"down": {"uv": [0, 0, 4, 1], "texture": "#0"}
			}
		},
		{
			"from": [5, -2.25, 6.25],
			"to": [11, -1.25, 10.25],
			"rotation": {"angle": 0, "axis": "y", "origin": [16, 8, 16.75]},
			"faces": {
				"north": {"uv": [9, 12, 15, 13], "texture": "#0"},
				"east": {"uv": [10, 12, 14, 13], "texture": "#0"},
				"south": {"uv": [9, 12, 15, 13], "texture": "#0"},
				"west": {"uv": [10, 12, 14, 13], "texture": "#0"},
				"up": {"uv": [0, 0, 6, 4], "texture": "#0"},
				"down": {"uv": [9, 8, 15, 12], "texture": "#0"}
			}
		},
		{
			"from": [6, 2.75, 5.25],
			"to": [10, 3.75, 6.25],
			"rotation": {"angle": 0, "axis": "x", "origin": [8, -1.75, 8.25]},
			"faces": {
				"north": {"uv": [10, 7, 14, 8], "texture": "#0"},
				"east": {"uv": [9, 8, 10, 9], "texture": "#0"},
				"south": {"uv": [0, 0, 4, 1], "texture": "#0"},
				"west": {"uv": [14, 8, 15, 9], "texture": "#0"},
				"up": {"uv": [10, 7, 14, 8], "texture": "#0"},
				"down": {"uv": [10, 7, 14, 8], "texture": "#0"}
			}
		},
		{
			"from": [6, 2.75, 10.25],
			"to": [10, 3.75, 11.25],
			"rotation": {"angle": 0, "axis": "x", "origin": [8, -1.75, 8.25]},
			"faces": {
				"north": {"uv": [0, 0, 4, 1], "rotation": 180, "texture": "#0"},
				"east": {"uv": [9, 8, 10, 9], "rotation": 180, "texture": "#0"},
				"south": {"uv": [10, 7, 14, 8], "rotation": 180, "texture": "#0"},
				"west": {"uv": [14, 8, 15, 9], "rotation": 180, "texture": "#0"},
				"up": {"uv": [10, 7, 14, 8], "texture": "#0"},
				"down": {"uv": [0, 0, 4, 1], "texture": "#0"}
			}
		},
		{
			"from": [5, 2.75, 6.25],
			"to": [11, 3.75, 10.25],
			"rotation": {"angle": 0, "axis": "x", "origin": [8, -1.75, 8.25]},
			"faces": {
				"north": {"uv": [9, 12, 15, 13], "rotation": 180, "texture": "#0"},
				"east": {"uv": [10, 12, 14, 13], "rotation": 180, "texture": "#0"},
				"south": {"uv": [9, 12, 15, 13], "rotation": 180, "texture": "#0"},
				"west": {"uv": [10, 12, 14, 13], "rotation": 180, "texture": "#0"},
				"up": {"uv": [9, 8, 15, 12], "texture": "#0"},
				"down": {"uv": [0, 0, 6, 4], "texture": "#0"}
			}
		}
	],
	"display": {
		"thirdperson_righthand": {
			"rotation": [90, 0, 0],
			"translation": [0, 3.25, 8]
		},
		"thirdperson_lefthand": {
			"rotation": [90, 0, 0],
			"translation": [0, 3.25, 8]
		},
		"firstperson_righthand": {
			"rotation": [69, 11, -1],
			"translation": [4.5, 3.5, 2]
		},
		"firstperson_lefthand": {
			"rotation": [69, 11, -1],
			"translation": [4.5, 3.5, 2]
		},
		"ground": {
			"translation": [0, 5.75, 0]
		},
		"gui": {
			"rotation": [45, 50, 0],
			"translation": [0, 5, 0]
		},
		"head": {
			"rotation": [90, 0, 0],
			"translation": [0, -42.5, 18.75],
			"scale": [2.6, 2.6, 2.6]
		},
		"fixed": {
			"rotation": [90, 90, 0],
			"translation": [0, 0, 7.5]
		}
	}
}